Lag,variable,value,ID,age,exp,first_trun,sex,trial_num
-3,1.0,0.33392859932611385,H27-25,1125,demo,L,F,1
-2,1.0,-0.08081275729843493,H27-25,1125,demo,L,F,1
-1,1.0,-0.38575667422479937,H27-25,1125,demo,L,F,1
0,1.0,0.3367585298211144,H27-25,1125,demo,L,F,1
1,1.0,0.13328401348479796,H27-25,1125,demo,L,F,1
2,1.0,0.16961799400732358,H27-25,1125,demo,L,F,1
3,1.0,-0.10172051669651605,H27-25,1125,demo,L,F,1
