Lag,variable,value,ID,age,exp,first_trun,sex,trial_num
-3,1.0,-0.05783995898892612,H27-26,1117,demo,L,F,1
-2,1.0,-0.08090481338637108,H27-26,1117,demo,L,F,1
-1,1.0,0.16637239897406098,H27-26,1117,demo,L,F,1
0,1.0,-0.18114454757749324,H27-26,1117,demo,L,F,1
1,1.0,-0.3525041774988403,H27-26,1117,demo,L,F,1
2,1.0,0.07332053211060931,H27-26,1117,demo,L,F,1
3,1.0,-0.01722251463569567,H27-26,1117,demo,L,F,1
