Lag,variable,value,ID,age,exp,first_trun,sex,trial_num
-3,1.0,0.4945100238880404,H27-06,966,demo,L,F,1
-2,1.0,0.43572719320927866,H27-06,966,demo,L,F,1
-1,1.0,0.21895155534227204,H27-06,966,demo,L,F,1
0,1.0,0.2481539711705416,H27-06,966,demo,L,F,1
1,1.0,0.019247011848734244,H27-06,966,demo,L,F,1
2,1.0,0.11353907383791187,H27-06,966,demo,L,F,1
3,1.0,0.3591848660217142,H27-06,966,demo,L,F,1
