Lag,variable,value,ID,age,exp,first_trun,sex,trial_num
-3,1.0,-0.13285284505773304,H27-28,1310,demo,L,F,1
-2,1.0,-0.20453966972493937,H27-28,1310,demo,L,F,1
-1,1.0,0.08450386768474948,H27-28,1310,demo,L,F,1
0,1.0,0.15170284190484953,H27-28,1310,demo,L,F,1
1,1.0,-0.004566654555565616,H27-28,1310,demo,L,F,1
2,1.0,-0.16254415492637678,H27-28,1310,demo,L,F,1
3,1.0,-0.3344809908350999,H27-28,1310,demo,L,F,1
