Lag,variable,value,ID,age,exp,first_trun,sex,trial_num
-3,1.0,0.02700766021673817,H27-22,1101,demo,L,F,1
-2,1.0,-0.10180494899697802,H27-22,1101,demo,L,F,1
-1,1.0,0.3275996966042004,H27-22,1101,demo,L,F,1
0,1.0,0.1632749063195849,H27-22,1101,demo,L,F,1
1,1.0,-0.2875199019363607,H27-22,1101,demo,L,F,1
2,1.0,-0.21949622761675192,H27-22,1101,demo,L,F,1
3,1.0,-0.2674785101387946,H27-22,1101,demo,L,F,1
