Lag,variable,value,ID,age,exp,first_trun,sex,trial_num
-3,1.0,0.10261258843903444,H27-23,1390,demo,L,F,1
-2,1.0,-0.027139781208842268,H27-23,1390,demo,L,F,1
-1,1.0,0.018340945079787938,H27-23,1390,demo,L,F,1
0,1.0,-0.3080194673940976,H27-23,1390,demo,L,F,1
1,1.0,0.06701516844446251,H27-23,1390,demo,L,F,1
2,1.0,0.2538907610085758,H27-23,1390,demo,L,F,1
3,1.0,0.08298712977076196,H27-23,1390,demo,L,F,1
