Lag,variable,value,ID,age,exp,first_trun,sex,trial_num
-3,1.0,-0.3108644461919719,H27-27,1320,demo,L,F,1
-2,1.0,0.0038233687390758393,H27-27,1320,demo,L,F,1
-1,1.0,-0.06540738784219946,H27-27,1320,demo,L,F,1
0,1.0,0.11258747181766914,H27-27,1320,demo,L,F,1
1,1.0,-0.4920353602245813,H27-27,1320,demo,L,F,1
2,1.0,-0.7113932420952168,H27-27,1320,demo,L,F,1
3,1.0,-0.5189517348487279,H27-27,1320,demo,L,F,1
