Lag,variable,value,ID,age,exp,first_trun,sex,trial_num
-3,1.0,-0.028884984638131054,H27-07,933,demo,L,F,1
-2,1.0,-0.10402984488564804,H27-07,933,demo,L,F,1
-1,1.0,-0.02487216084533139,H27-07,933,demo,L,F,1
0,1.0,-0.10261615756714267,H27-07,933,demo,L,F,1
1,1.0,-0.07481465103931845,H27-07,933,demo,L,F,1
2,1.0,-0.2514172944889396,H27-07,933,demo,L,F,1
3,1.0,-0.4153696309873746,H27-07,933,demo,L,F,1
