Lag,variable,value,ID,age,exp,first_trun,sex,trial_num
-3,1.0,0.13930979696389417,H27-12,1123,demo,L,M,1
-2,1.0,-0.07839165062488279,H27-12,1123,demo,L,M,1
-1,1.0,-0.10928376749815678,H27-12,1123,demo,L,M,1
0,1.0,-0.20918291182865198,H27-12,1123,demo,L,M,1
1,1.0,-0.26508196930489114,H27-12,1123,demo,L,M,1
2,1.0,-0.3217414192535281,H27-12,1123,demo,L,M,1
3,1.0,-0.3701175877748624,H27-12,1123,demo,L,M,1
