Lag,variable,value,ID,age,exp,first_trun,sex,trial_num
-3,1.0,-0.42130499673957933,H27-15,1111,demo,L,F,1
-2,1.0,-0.5318877335921176,H27-15,1111,demo,L,F,1
-1,1.0,-0.695551586047138,H27-15,1111,demo,L,F,1
0,1.0,-0.40246385441453386,H27-15,1111,demo,L,F,1
1,1.0,0.5715920074321366,H27-15,1111,demo,L,F,1
2,1.0,0.11314127352433112,H27-15,1111,demo,L,F,1
3,1.0,-0.05139923544567741,H27-15,1111,demo,L,F,1
