Lag,variable,value,ID,age,exp,first_trun,sex,trial_num
-3,1.0,-0.3508536126964293,H27-16,1093,demo,L,M,1
-2,1.0,-0.10045779202772871,H27-16,1093,demo,L,M,1
-1,1.0,-0.1653613735789721,H27-16,1093,demo,L,M,1
0,1.0,-0.2877846753236512,H27-16,1093,demo,L,M,1
1,1.0,0.1266594185588515,H27-16,1093,demo,L,M,1
2,1.0,-0.2135797089184667,H27-16,1093,demo,L,M,1
3,1.0,-0.45898184585285456,H27-16,1093,demo,L,M,1
