Lag,variable,value,ID,age,exp,first_trun,sex,trial_num
-3,1.0,0.04596495259006145,H27-04,1360,demo,L,F,1
-2,1.0,-0.09342613758093822,H27-04,1360,demo,L,F,1
-1,1.0,-0.16911806613792332,H27-04,1360,demo,L,F,1
0,1.0,-0.47689184557774067,H27-04,1360,demo,L,F,1
1,1.0,-0.38843373470298054,H27-04,1360,demo,L,F,1
2,1.0,-0.2877493447749279,H27-04,1360,demo,L,F,1
3,1.0,-0.2648979685351071,H27-04,1360,demo,L,F,1
