Lag,variable,value,ID,age,exp,first_trun,sex,trial_num
-3,1.0,-0.03218774368425597,H27-21,1117,demo,L,M,1
-2,1.0,-0.06224429461415508,H27-21,1117,demo,L,M,1
-1,1.0,-0.24654708962651983,H27-21,1117,demo,L,M,1
0,1.0,0.004717617906277098,H27-21,1117,demo,L,M,1
1,1.0,0.11211600122401551,H27-21,1117,demo,L,M,1
2,1.0,0.15021290160247092,H27-21,1117,demo,L,M,1
3,1.0,0.2242962220761664,H27-21,1117,demo,L,M,1
