Lag,variable,value,ID,age,exp,first_trun,sex,trial_num
-3,1.0,-0.06902826460028721,H27-09,1083,demo,L,F,1
-2,1.0,-0.3054681634196433,H27-09,1083,demo,L,F,1
-1,1.0,-0.4667949106991236,H27-09,1083,demo,L,F,1
0,1.0,0.1563546286161426,H27-09,1083,demo,L,F,1
1,1.0,-0.11886392180635467,H27-09,1083,demo,L,F,1
2,1.0,-0.24887809499748897,H27-09,1083,demo,L,F,1
3,1.0,-0.1909075664567101,H27-09,1083,demo,L,F,1
