Lag,variable,value,ID,age,exp,first_trun,sex,trial_num
-3,1.0,-0.3252256969582901,H27-18,1374,demo,L,F,1
-2,1.0,-0.24164516680368886,H27-18,1374,demo,L,F,1
-1,1.0,-0.3473060074308997,H27-18,1374,demo,L,F,1
0,1.0,-0.5016653315629472,H27-18,1374,demo,L,F,1
1,1.0,-0.13682196911623484,H27-18,1374,demo,L,F,1
2,1.0,-0.14794335706568038,H27-18,1374,demo,L,F,1
3,1.0,-0.15532825647317933,H27-18,1374,demo,L,F,1
