Lag,variable,value,ID,age,exp,first_trun,sex,trial_num
-3,1.0,-0.42601795540860443,H27-24,1080,demo,L,F,1
-2,1.0,-0.3779669600114743,H27-24,1080,demo,L,F,1
-1,1.0,-0.360143528910668,H27-24,1080,demo,L,F,1
0,1.0,-0.15263423899375353,H27-24,1080,demo,L,F,1
1,1.0,-0.09989716214959869,H27-24,1080,demo,L,F,1
2,1.0,-0.240216062709108,H27-24,1080,demo,L,F,1
3,1.0,-0.09188811488002094,H27-24,1080,demo,L,F,1
