Lag,variable,value,ID,age,exp,first_trun,sex,trial_num
-3,1.0,-0.26717888287182767,H27-11,987,demo,L,M,1
-2,1.0,-0.12932087602438253,H27-11,987,demo,L,M,1
-1,1.0,0.0018906740397375346,H27-11,987,demo,L,M,1
0,1.0,0.4248362880544551,H27-11,987,demo,L,M,1
1,1.0,0.9434389362661235,H27-11,987,demo,L,M,1
2,1.0,0.17293786099883074,H27-11,987,demo,L,M,1
3,1.0,-0.22678951592823904,H27-11,987,demo,L,M,1
