Lag,variable,value,ID,age,exp,first_trun,sex,trial_num
-3,1.0,-0.1371523831575159,H27-03,930,demo,L,F,1
-2,1.0,-0.32964388310935394,H27-03,930,demo,L,F,1
-1,1.0,0.024204925133905694,H27-03,930,demo,L,F,1
0,1.0,0.01522599103618574,H27-03,930,demo,L,F,1
1,1.0,-0.31087677779013356,H27-03,930,demo,L,F,1
2,1.0,-0.3989209901395476,H27-03,930,demo,L,F,1
3,1.0,-0.46811358346093446,H27-03,930,demo,L,F,1
