Lag,variable,value,ID,age,exp,first_trun,sex,trial_num
-3,1.0,-0.2110063590592003,H27-14,957,demo,L,M,1
-2,1.0,-0.3565575974024886,H27-14,957,demo,L,M,1
-1,1.0,-0.12905498369438964,H27-14,957,demo,L,M,1
0,1.0,0.30009755559456747,H27-14,957,demo,L,M,1
1,1.0,-0.5923207529059865,H27-14,957,demo,L,M,1
2,1.0,-0.6208449066016286,H27-14,957,demo,L,M,1
3,1.0,-0.49925689672148477,H27-14,957,demo,L,M,1
