Lag,variable,value,ID,age,exp,first_trun,sex,trial_num
-3,1.0,0.05848680507772984,H27-20,1375,demo,L,F,1
-2,1.0,-0.09155788673056577,H27-20,1375,demo,L,F,1
-1,1.0,-0.01272237410190739,H27-20,1375,demo,L,F,1
0,1.0,0.17924520962687945,H27-20,1375,demo,L,F,1
1,1.0,-0.07421220176252598,H27-20,1375,demo,L,F,1
2,1.0,-0.0608460535907795,H27-20,1375,demo,L,F,1
3,1.0,-0.3231853611221057,H27-20,1375,demo,L,F,1
