Lag,variable,value,ID,age,exp,first_trun,sex,trial_num
-3,1.0,0.052262625727740354,H27-01,1357,demo,L,M,1
-2,1.0,-0.1469533006825406,H27-01,1357,demo,L,M,1
-1,1.0,0.2266984879295742,H27-01,1357,demo,L,M,1
0,1.0,-0.08165965992598681,H27-01,1357,demo,L,M,1
1,1.0,0.10476164474905586,H27-01,1357,demo,L,M,1
2,1.0,0.02109735723462795,H27-01,1357,demo,L,M,1
3,1.0,-0.031168058032500487,H27-01,1357,demo,L,M,1
