Lag,variable,value,ID,age,exp,first_trun,sex,trial_num
-3,1.0,0.5060959413966294,H27-10,1356,demo,L,F,1
-2,1.0,-0.009018910140057545,H27-10,1356,demo,L,F,1
-1,1.0,-0.12540475386874836,H27-10,1356,demo,L,F,1
0,1.0,0.39278714081834165,H27-10,1356,demo,L,F,1
1,1.0,-0.3525896561542206,H27-10,1356,demo,L,F,1
2,1.0,-0.17832705052850817,H27-10,1356,demo,L,F,1
3,1.0,-0.008466865125306514,H27-10,1356,demo,L,F,1
