Lag,variable,value,ID,age,exp,first_trun,sex,trial_num
-3,1.0,0.11566819745557701,H27-02,916,demo,L,M,1
-2,1.0,-0.41715538283026016,H27-02,916,demo,L,M,1
-1,1.0,-0.22808259679755763,H27-02,916,demo,L,M,1
0,1.0,-0.5725821897346588,H27-02,916,demo,L,M,1
1,1.0,0.1307261962637375,H27-02,916,demo,L,M,1
2,1.0,0.49744118115699804,H27-02,916,demo,L,M,1
3,1.0,0.38811969922948536,H27-02,916,demo,L,M,1
