Lag,variable,value,ID,age,exp,first_trun,sex,trial_num
-3,1.0,-0.09191148779355883,H27-19,1394,demo,L,M,1
-2,1.0,0.012007263224389003,H27-19,1394,demo,L,M,1
-1,1.0,-0.01295677309924134,H27-19,1394,demo,L,M,1
0,1.0,-0.11133418092451519,H27-19,1394,demo,L,M,1
1,1.0,-0.08620862568347815,H27-19,1394,demo,L,M,1
2,1.0,-0.43444856124713827,H27-19,1394,demo,L,M,1
3,1.0,-0.12677381635317322,H27-19,1394,demo,L,M,1
