Lag,variable,value,ID,age,exp,first_trun,sex,trial_num
-3,1.0,-0.4214224581135546,H27-08,945,demo,L,F,1
-2,1.0,-0.452344410096758,H27-08,945,demo,L,F,1
-1,1.0,-0.5011859982676196,H27-08,945,demo,L,F,1
0,1.0,-0.3123667711884148,H27-08,945,demo,L,F,1
1,1.0,-0.004176174063551922,H27-08,945,demo,L,F,1
2,1.0,0.002671236961858423,H27-08,945,demo,L,F,1
3,1.0,-0.09245870889675577,H27-08,945,demo,L,F,1
