Lag,variable,value,ID,age,exp,first_trun,sex,trial_num
-3,1.0,0.2928850869543395,H27-17,1360,demo,L,M,1
-2,1.0,0.03100967248256336,H27-17,1360,demo,L,M,1
-1,1.0,0.03288209779161618,H27-17,1360,demo,L,M,1
0,1.0,-0.005932300531791119,H27-17,1360,demo,L,M,1
1,1.0,-0.7990059101596582,H27-17,1360,demo,L,M,1
2,1.0,-0.6095876063713196,H27-17,1360,demo,L,M,1
3,1.0,-0.5044720600747833,H27-17,1360,demo,L,M,1
