Lag,variable,value,ID,age,exp,first_trun,sex,trial_num
-3,1.0,0.2293154318477167,H27-05,909,demo,L,F,1
-2,1.0,0.09615371296651187,H27-05,909,demo,L,F,1
-1,1.0,-0.06947746695704607,H27-05,909,demo,L,F,1
0,1.0,-0.3917415024144904,H27-05,909,demo,L,F,1
1,1.0,-0.06950223625594891,H27-05,909,demo,L,F,1
2,1.0,0.030136357338490852,H27-05,909,demo,L,F,1
3,1.0,0.2203505657586076,H27-05,909,demo,L,F,1
